id,name,host_id,host_name,neighbourhood_group,neighbourhood,latitude,longitude,room_type,price,minimum_nights,number_of_reviews,last_review,reviews_per_month,calculated_host_listings_count,availability_365,number_of_reviews_ltm,license,Location
1125097,Cottage in Angaston · ★4.88 · 1 bedroom · 1 bed · 1 bath,6172214,Heather,,Angaston,-34.49563,139.0293,Entire home/apt,254,2,190,2023-06-13,1.59,3,332,32,,Barossa Valley
1133195,Cottage in Angaston · ★4.84 · 1 bedroom · 1 bed · 1 bath,6172214,Heather,,Angaston,-34.49538,139.03086,Entire home/apt,236,2,69,2023-06-12,0.65,3,355,14,,Barossa Valley
1133236,Rental unit in Angaston · ★4.89 · 1 bedroom · 1 bed · 1 private bath,6172214,Heather,,Penrice,-34.49372,139.03199,Private room,260,1,63,2023-06-11,0.55,3,332,17,,Barossa Valley
1710462,Cabin in Shea-Oak Log · ★4.77 · 1 bedroom · 1 bed · 1 bath,6645956,Kylie And Tom,,Shea-Oak Log,-34.51049,138.81731,Entire home/apt,102,2,534,2023-06-11,4.55,1,318,44,,Barossa Valley
1787389,Rental unit in Tanunda · ★4.39 · 2 bedrooms · 2 beds · 2 baths,9380091,Kym,,Tanunda,-34.52737,138.953,Entire home/apt,286,2,18,2023-01-08,0.20,14,147,1,,Barossa Valley
2028951,Vacation home in Lyndoch · ★4.75 · 2 bedrooms · 2 beds · 1 bath,10421165,Mark And Fiona,,Lyndoch,-34.60392,138.88311,Entire home/apt,189,2,12,2023-04-29,0.81,2,306,8,,Barossa Valley
2327616,Guesthouse in Gawler River · ★4.74 · 1 bedroom · 2 beds · 1 bath,6713275,Bill,,Gawler River,-34.60549,138.64723,Entire home/apt,95,1,163,2023-06-17,1.60,1,356,49,,Barossa Valley
2567051,Bed and breakfast in Cockatoo Valley · ★4.84 · 2 bedrooms · 2 beds · 2 baths,10726293,Rebecca,,Cockatoo Valley,-34.63808,138.84598,Private room,210,2,31,2022-08-22,0.30,1,290,1,,Barossa Valley
5289072,Cabin in Mount McKenzie · ★4.95 · 3 bedrooms · 3 beds · 2 baths,27321203,Phillip,,Flaxman Valley,-34.56405,139.07988,Entire home/apt,220,3,123,2022-10-29,1.32,1,133,8,,Barossa Valley
5426792,Guesthouse in Nuriootpa · ★4.78 · 1 bedroom · 1 bed · 1 bath,28149709,Andrew & Belinda,,Nuriootpa,-34.46333,139.00032,Entire home/apt,67,1,158,2023-06-26,1.71,1,122,22,,Barossa Valley
5537173,Villa in Lyndoch · ★4.94 · 1 bedroom · 1 bed · 1 bath,28712482,Nelly,,Lyndoch,-34.58503,138.86457,Entire home/apt,425,2,35,2023-06-03,0.60,3,305,4,,Barossa Valley
6157653,Cottage in Penrice · ★4.93 · 1 bedroom · 1 bed · 1 bath,31945359,Julie,,Penrice,-34.4872,139.04529,Entire home/apt,290,1,28,2022-04-19,0.29,1,113,0,,Barossa Valley
6170279,Cottage in Tanunda · ★4.89 · 1 bedroom · 1 bed · 1 bath,32013001,Wendy,,Tanunda,-34.50938,138.97314,Entire home/apt,196,2,165,2023-01-08,1.66,1,0,7,,Barossa Valley
6170887,Cottage in Nuriootpa · ★4.67 · 3 bedrooms · 4 beds · 1 bath,32017867,Elderton,,Nuriootpa,-34.47753,138.99632,Entire home/apt,400,2,31,2022-09-26,0.32,1,287,3,,Barossa Valley
6296823,Cottage in Tanunda · ★4.92 · 2 bedrooms · 2 beds · 1 bath,32743215,Veritas Retreat Barossa,,Tanunda,-34.50398,138.96065,Entire home/apt,309,2,87,2023-06-20,0.88,2,248,11,,Barossa Valley
7055506,Cottage in Tanunda · ★4.93 · 2 bedrooms · 2 beds · 1 bath,10626104,Karen,,Tanunda,-34.50158,138.99585,Entire home/apt,243,2,180,2021-10-17,1.87,2,0,0,,Barossa Valley
7297171,Rental unit in Angaston · ★4.82 · 1 bedroom · 1 bed · 1 shared bath,26147078,Jonathan And Kate,,Angaston,-34.50003,139.03542,Private room,95,1,150,2019-04-28,1.57,6,0,0,,Barossa Valley
8053447,Home in Tanunda · ★4.99 · 2 bedrooms · 2 beds · 1 private bath,42427624,Maryann,,Tanunda,-34.51874,138.96221,Private room,165,1,86,2023-05-28,1.07,1,0,4,,Barossa Valley
9264671,Guest suite in Tanunda · ★4.61 · 1 bedroom · 1 bed · 1 private bath,17055114,Tracey,,Tanunda,-34.52982,138.95272,Private room,146,2,28,2023-05-31,0.32,4,218,1,,Barossa Valley
9319789,Home in Tanunda · ★4.91 · 5 bedrooms · 5 beds · 3 baths,17055114,Tracey,,Tanunda,-34.52808,138.95335,Entire home/apt,821,1,96,2023-06-12,1.10,4,272,20,,Barossa Valley
9319994,Home in Tanunda · ★4.88 · 3 bedrooms · 3 beds · 3 baths,17055114,Tracey,,Tanunda,-34.52751,138.95261,Entire home/apt,468,2,69,2023-05-23,0.81,4,272,21,,Barossa Valley
9453124,Home in Tanunda · ★4.89 · 4 bedrooms · 4 beds · 3 baths,17055114,Tracey,,Tanunda,-34.52797,138.95259,Entire home/apt,708,1,37,2023-04-18,0.41,4,272,11,,Barossa Valley
9714178,Home in Tanunda · ★5.0 · 3 bedrooms · 3 beds · 2.5 baths,50149490,Yvette,,Tanunda,-34.52206,138.96239,Entire home/apt,515,2,75,2023-05-29,0.86,1,236,24,,Barossa Valley
9850994,Home in Angaston · ★4.86 · 1 bedroom · 1 bed · 1 bath,26147078,Jonathan And Kate,,Angaston,-34.49936,139.03867,Entire home/apt,120,1,7,2016-01-13,0.08,6,0,0,,Barossa Valley
10285222,Rental unit in Tanunda · ★4.30 · 1 bedroom · 1 bed · 1 bath,9380091,Kym,,Tanunda,-34.52688,138.95464,Entire home/apt,266,2,10,2020-03-18,0.11,14,109,0,,Barossa Valley
10287444,Home in Tanunda · ★4.24 · 3 bedrooms · 5 beds · 1 bath,9380091,Kym,,Tanunda,-34.52677,138.95225,Entire home/apt,321,2,17,2023-05-21,0.19,14,104,1,,Barossa Valley
10526299,Home in Kapunda · ★5.0 · 2 bedrooms · 2 beds · 1 bath,54276241,Mark,,Kapunda,-34.34184,138.91579,Entire home/apt,250,2,6,2023-01-29,0.50,1,167,6,,Barossa Valley
10619599,Rental unit in Tanunda · ★4.67 · 1 bedroom · 2 beds · 1 bath,9380091,Kym,,Tanunda,-34.52726,138.95267,Entire home/apt,272,1,3,2023-04-30,0.05,14,105,1,,Barossa Valley
10634089,Guest suite in Tanunda · ★4.33 · 1 bedroom · 1 bed · 1 private bath,9380091,Kym,,Tanunda,-34.52816,138.95295,Private room,266,2,6,2017-10-30,0.07,14,107,0,,Barossa Valley
10947532,Guesthouse in Rowland Flat · ★4.98 · 1 bedroom · 1 bed · 1 bath,54950628,Kay,,Altona,-34.56985,138.92791,Entire home/apt,194,2,336,2023-05-29,3.75,1,303,33,,Barossa Valley
10971607,Home in Angaston · ★5.0 · 2 bedrooms · 2 beds · 1.5 baths,48092850,Robyn,,Angaston,-34.50109,139.04697,Entire home/apt,600,1,7,2018-04-01,0.08,3,364,0,,Barossa Valley
11380095,Home in Nuriootpa · ★4.79 · 4 bedrooms · 6 beds · 2 baths,59672772,John And Bianca,,Nuriootpa,-34.46193,139.01084,Entire home/apt,170,3,44,2021-06-27,0.50,1,0,0,,Barossa Valley
11428035,Home in Tanunda · ★4.65 · 3 bedrooms · 4 beds · 2 baths,9380091,Kym,,Tanunda,-34.52491,138.95631,Entire home/apt,650,2,40,2022-10-09,0.45,14,178,1,,Barossa Valley
11857399,Home in Angaston · ★4.94 · 2 bedrooms · 2 beds · 1.5 baths,48092850,Robyn,,Angaston,-34.49983,139.04583,Entire home/apt,384,2,95,2023-01-01,1.14,3,351,2,,Barossa Valley
11915715,Cottage in Lyndoch · ★4.92 · 2 bedrooms · 2 beds · 1.5 baths,308444810,Louise,,Lyndoch,-34.57137,138.89843,Entire home/apt,269,2,37,2023-04-26,0.43,2,322,2,,Barossa Valley
12191413,Home in Kapunda · ★4.58 · 3 bedrooms · 4 beds · 1 bath,65531648,Jacqueline,,Kapunda,-34.34006,138.91144,Entire home/apt,239,2,12,2023-01-02,0.15,2,362,6,,Barossa Valley
12192423,Villa in Kapunda · ★4.77 · 2 bedrooms · 4 beds · 1 bath,65531648,Jacqueline,,Kapunda,-34.34327,138.92162,Entire home/apt,265,2,102,2023-04-23,1.17,2,361,23,,Barossa Valley
12856765,Home in Angaston · ★4.88 · 4 bedrooms · 4 beds · 2.5 baths,48092850,Robyn,,Angaston,-34.50133,139.04966,Entire home/apt,310,2,155,2023-05-12,1.80,3,333,7,,Barossa Valley
12906285,Home in Angaston · ★4.94 · 2 bedrooms · 2 beds · 1 bath,22786354,Rebekah,,Angaston,-34.50746,139.04552,Entire home/apt,156,3,180,2023-06-21,2.35,1,252,25,,Barossa Valley
14031240,Bed and breakfast in Bethany · ★5.0 · 1 bedroom · 1 bed · 1 private bath,2425103,Sandra,,Bethany,-34.53852,138.96849,Hotel room,330,999,26,2023-06-03,0.32,2,79,5,,Barossa Valley
14080027,"Cottage in Rosedale, McCallum Road · ★4.95 · 1 bedroom · 1 bed · 1.5 baths",84633251,Henri,,Sandy Creek,-34.58178,138.83414,Entire home/apt,290,2,129,2023-01-29,1.72,2,355,14,,Barossa Valley
14377105,Home in Angaston · ★4.67 · 3 bedrooms · 5 beds · 2 baths,88244555,James,,Angaston,-34.50712,139.03884,Entire home/apt,280,1,31,2023-02-19,0.37,1,287,3,,Barossa Valley
14697430,Cottage in Moculta · ★4.87 · 2 bedrooms · 2 beds · 1 bath,34978411,John,,Moculta,-34.46685,139.12019,Entire home/apt,210,2,60,2023-06-17,1.04,1,330,13,,Barossa Valley
14827811,Rental unit in Tanunda · ★5.0 · 2 bedrooms · 2 beds · 2 baths,9380091,Kym,,Tanunda,-34.52865,138.95429,Entire home/apt,311,1,4,2022-08-21,0.07,14,156,1,,Barossa Valley
14828790,Rental unit in Angaston · ★4.95 · 1 bedroom · 2 beds · 1 bath,6402384,Alicia,,Angaston,-34.50042,139.04615,Entire home/apt,315,1,21,2022-04-10,0.25,2,192,0,,Barossa Valley
14842846,Rental unit in Tanunda · 2 bedrooms · 2 beds · 2 baths,9380091,Kym,,Tanunda,-34.52865,138.95366,Entire home/apt,307,1,0,,,14,147,0,,Barossa Valley
14843749,Rental unit in Tanunda · ★4.60 · 2 bedrooms · 2 beds · 2 baths,9380091,Kym,,Tanunda,-34.52682,138.95347,Entire home/apt,289,2,10,2021-04-05,0.12,14,155,0,,Barossa Valley
14844379,Rental unit in Angaston · ★4.80 · 2 bedrooms · 2 beds · 1 bath,6402384,Alicia,,Angaston,-34.50009,139.0443,Entire home/apt,478,1,5,2023-01-07,0.06,2,192,1,,Barossa Valley
14969874,Home in Tanunda · ★4.85 · 6 bedrooms · 10 beds · 4 baths,9380091,Kym,,Tanunda,-34.52801,138.9536,Entire home/apt,1414,2,20,2023-01-15,0.26,14,134,2,,Barossa Valley
15579249,Home in Lyndoch · ★4.87 · 3 bedrooms · 4 beds · 2 baths,14870315,Maria,,Lyndoch,-34.59793,138.87333,Entire home/apt,239,2,123,2023-06-11,1.60,1,334,28,,Barossa Valley
15811271,Home in Angaston · ★4.96 · 1 bedroom · 1 bed · 1.5 shared baths,102130451,Anthea,,Angaston,-34.49457,139.05402,Private room,80,1,51,2021-11-13,0.81,1,0,0,,Barossa Valley
16519738,Home in Kapunda · ★4.89 · 2 bedrooms · 2 beds · 1 bath,108616729,Yvonne And Glenn,,Kapunda,-34.33925,138.91111,Entire home/apt,200,2,133,2023-06-25,1.71,1,81,66,,Barossa Valley
16795559,Farm stay in Barossa · ★4.94 · 1 bedroom · 1 bed · 1.5 baths,111640794,John & Jess,,Sandy Creek,-34.56818,138.83216,Entire home/apt,153,2,319,2023-06-04,4.15,1,331,41,,Barossa Valley
17287788,Bed and breakfast in Light Pass · ★4.87 · 1 bedroom · 1 bed · 1 bath,76253619,Tracy,,Light Pass,-34.4693,139.02488,Entire home/apt,179,2,64,2023-06-07,0.83,1,82,1,,Barossa Valley
17558728,Cottage in Seppeltsfield · ★5.0 · 1 bedroom · 1 bed · 1 bath,77871395,Wendy,,Marananga,-34.48914,138.91118,Entire home/apt,1018,1,3,2022-12-03,0.12,2,316,1,,Barossa Valley
17720616,Cottage in Tanunda · ★4.76 · 3 bedrooms · 4 beds · 1 bath,23229905,Cathy,,Tanunda,-34.5215,138.96631,Entire home/apt,231,1,216,2023-04-25,2.98,1,326,45,,Barossa Valley
17737018,Home in Springton · 1 bedroom · 1 bed · 1 bath,97913320,Renate,,Springton,-34.72364,139.06851,Entire home/apt,195,3,0,,,1,0,0,,Barossa Valley
17862552,Home in Tanunda · ★4.89 · 4 bedrooms · 5 beds · 2.5 baths,10112369,Jason,,Tanunda,-34.51031,138.97908,Entire home/apt,254,1,150,2023-06-12,2.04,1,313,41,,Barossa Valley
17963507,Guesthouse in Tanunda · ★4.95 · 1 bedroom · 1 bed · 1 bath,12063415,Lesley Ann,,Tanunda,-34.52511,138.96518,Entire home/apt,131,2,350,2023-05-21,4.62,1,140,40,,Barossa Valley
17980547,"Cottage in Pewsey Vale, Barrossa Valley  · ★4.88 · 3 bedrooms · 4 beds · 2 baths",123514866,Peter And Marijan,,Mount Crawford,-34.65127498802909,138.97806003489265,Entire home/apt,150,2,194,2023-06-15,2.58,2,281,29,,Barossa Valley
18276899,Home in Tanunda · ★4.96 · 2 bedrooms · 2 beds · 1 bath,32743215,Veritas Retreat Barossa,,Tanunda,-34.50656,138.96302,Entire home/apt,342,2,50,2023-06-20,0.68,2,245,14,,Barossa Valley
18798879,Home in Angaston · ★4.90 · 1 bedroom · 1 bed · 1 private bath,98267463,Mark,,Angaston,-34.50209,139.04418,Private room,150,2,80,2023-06-19,1.12,1,119,28,,Barossa Valley
18845618,Home in Tanunda · ★4.93 · 2 bedrooms · 2 beds · 1 bath,40553443,Shannon,,Tanunda,-34.52814,138.95832,Entire home/apt,230,1,156,2023-06-01,2.12,1,332,12,,Barossa Valley
19817750,Home in Mount Pleasant · ★4.99 · 3 bedrooms · 4 beds · 1.5 baths,139798846,Maureen,,Mount Pleasant,-34.7752,139.04573,Entire home/apt,300,2,88,2023-06-18,1.25,1,33,15,,Barossa Valley
20002372,"Tent in Barossa Valley, · ★4.97 · 1 bedroom · 1 bed · 1 bath",15326510,Kate,,Flaxman Valley,-34.61,139.06722,Entire home/apt,276,2,225,2023-06-25,3.31,1,345,54,,Barossa Valley
20057093,Cottage in Tanunda · ★4.96 · 2 bedrooms · 3 beds · 1 bath,142521667,Alicia,,Tanunda,-34.51962,138.96033,Entire home/apt,325,2,136,2023-06-15,2.02,1,270,27,,Barossa Valley
20079805,Villa in Lyndoch · ★4.95 · 4 bedrooms · 6 beds · 2.5 baths,11110185,Suzie,,Lyndoch,-34.60384,138.89156,Entire home/apt,499,2,60,2023-05-29,0.85,2,293,10,,Barossa Valley
20144446,Cottage in Lyndoch · ★4.95 · 2 bedrooms · 2 beds · 1.5 baths,11110185,Suzie,,Lyndoch,-34.60504,138.89259,Entire home/apt,375,2,62,2023-02-13,0.89,2,309,12,,Barossa Valley
20175507,Rental unit in Tanunda · ★4.67 · 8 bedrooms · 8 beds · 8 baths,9380091,Kym,,Tanunda,-34.52644,138.95208,Entire home/apt,1920,1,3,2020-06-28,0.05,14,160,0,,Barossa Valley
20176443,Rental unit in Tanunda · 14 bedrooms · 16 beds · 12 baths,9380091,Kym,,Tanunda,-34.52654,138.9538,Entire home/apt,2800,1,0,,,14,138,0,,Barossa Valley
20524750,Home in Nuriootpa · ★4.54 · 5 bedrooms · 5 beds · 3 baths,146536624,Simone,,Nuriootpa,-34.49153,138.96338,Entire home/apt,1600,3,13,2021-06-25,0.21,1,0,0,,Barossa Valley
21481807,Home in Angaston · ★4.99 · 3 bedrooms · 5 beds · 2.5 baths,156029245,Anne,,Angaston,-34.51446,139.04117,Entire home/apt,434,2,95,2023-06-13,1.92,1,319,22,,Barossa Valley
21636564,Bungalow in Angaston · ★4.92 · 3 bedrooms · 3 beds · 1.5 baths,26147078,Jonathan And Kate,,Angaston,-34.49929,139.04988,Entire home/apt,324,2,168,2023-06-17,2.47,6,312,38,,Barossa Valley
21884875,Home in Tanunda · ★4.92 · 3 bedrooms · 3 beds · 2 baths,159654113,Pauline,,Tanunda,-34.51318,138.96774,Entire home/apt,283,2,193,2023-06-11,2.86,1,325,39,,Barossa Valley
22294732,Farm stay in Angaston · ★4.94 · 4 bedrooms · 4 beds · 4 baths,106868811,Jan,,Angaston,-34.51862,139.10905,Entire home/apt,490,1,71,2023-05-14,1.09,2,238,13,,Barossa Valley
22602973,Home in Angaston · ★4.61 · 3 bedrooms · 3 beds · 2 baths,121293939,Richard,,Angaston,-34.50606,139.04712,Entire home/apt,199,2,23,2023-01-06,0.47,1,362,9,,Barossa Valley
22604785,Home in Lyndoch · ★4.93 · 3 bedrooms · 4 beds · 1 bath,92198370,Heather,,Lyndoch,-34.60364,138.8866,Entire home/apt,198,2,142,2023-06-14,2.18,2,172,22,,Barossa Valley
22636387,Boutique hotel in Pewsey Vale · ★4.91 · 2 bedrooms · 2 beds · 2 baths,123514866,Peter And Marijan,,Mount Crawford,-34.68339,138.97258,Private room,450,2,34,2023-04-09,0.62,2,326,7,,Barossa Valley
22794701,Home in Williamstown · ★5.0 · 2 bedrooms · 3 beds · 1.5 baths,68592337,Deb,,Williamstown,-34.68038,138.88286,Entire home/apt,340,2,10,2022-09-04,0.16,1,210,2,,Barossa Valley
22855141,Guest suite in Stone Well · ★4.98 · 2 bedrooms · 3 beds · 1 bath,111063419,Sally,,Tanunda,-34.49146,138.95672,Entire home/apt,290,2,101,2023-06-24,1.57,1,9,38,,Barossa Valley
24813904,Bungalow in Tanunda · ★4.72 · 5 bedrooms · 10 beds · 2 baths,9380091,Kym,,Tanunda,-34.52454,138.95814,Entire home/apt,850,2,29,2023-04-25,0.48,14,283,4,,Barossa Valley
25086405,Villa in South Australia · ★4.96 · Studio · 4 baths,189642977,Tuoi,,Tanunda,-34.52412,138.95519,Entire home/apt,500,2,25,2023-04-06,0.41,1,246,9,,Barossa Valley
25916821,Cottage in Angaston  · ★4.75 · 3 bedrooms · 4 beds · 1.5 baths,129160994,Christina,,Angaston,-34.49095,139.04752,Entire home/apt,400,2,16,2022-10-02,0.28,1,294,3,,Barossa Valley
25928338,Home in Tanunda · ★4.92 · 3 bedrooms · 3 beds · 2 baths,40008394,Sarah,,Tanunda,-34.52154,138.96129,Entire home/apt,368,2,155,2023-06-05,2.56,1,316,37,,Barossa Valley
26009146,Barn in Penrice · ★4.89 · 1 bedroom · 2 beds · 1 bath,22589842,Carolyn,,Moculta,-34.4754,139.05827,Entire home/apt,161,1,250,2023-06-18,4.15,1,329,51,,Barossa Valley
26403678,Home in Tanunda · ★4.66 · 3 bedrooms · 3 beds · 2 baths,198551256,Tuoi,,Tanunda,-34.52523,138.95253,Entire home/apt,300,1,150,2023-05-29,2.48,1,279,41,,Barossa Valley
27065195,Cottage in Cromer · ★4.94 · Studio · 1 bed · 1 bath,203661825,Francis,,Mount Crawford,-34.75233,138.99175,Entire home/apt,112,1,257,2023-06-14,4.30,1,347,62,,Barossa Valley
27271141,Home in Williamstown · ★4.88 · 2 bedrooms · 2 beds · 1 bath,205436375,Erika,,Williamstown,-34.66549,138.88978,Entire home/apt,120,2,66,2023-05-07,1.13,1,102,7,,Barossa Valley
27409406,Farm stay in Williamstown · ★5.0 · 1 bed · 1 bath,206287989,Michael,,Williamstown,-34.62272,138.92041,Entire home/apt,305,2,14,2022-07-30,0.33,2,335,1,,Barossa Valley
27409837,Farm stay in Williamstown · ★5.0 · 2 bedrooms · 3 beds · 2 baths,206287989,Michael,,Williamstown,-34.6246,138.9207,Entire home/apt,325,2,19,2023-01-21,0.42,2,326,2,,Barossa Valley
27814606,Villa in Lyndoch · ★4.95 · 1 bedroom · 1 bed · 1 bath,28712482,Nelly,,Lyndoch,-34.58512,138.86381,Entire home/apt,413,2,19,2023-05-07,0.33,3,301,3,,Barossa Valley
28843427,Guest suite in Tanunda · ★4.96 · 1 bedroom · 1 bed · 1 bath,103407726,Karina,,Tanunda,-34.51418,138.95815,Entire home/apt,206,2,93,2023-06-12,2.05,1,339,13,,Barossa Valley
29170994,Guest suite in Angaston · ★4.91 · 2 bedrooms · 3 beds · 1 bath,64599221,Darren,,Angaston,-34.5072,139.0507,Entire home/apt,115,1,195,2023-06-12,3.55,1,210,35,,Barossa Valley
29192273,Home in Tanunda · ★4.85 · 3 bedrooms · 4 beds · 1 bath,69307468,Cory,,Tanunda,-34.53167,138.95362,Entire home/apt,236,2,181,2023-06-12,3.56,1,301,46,,Barossa Valley
29250289,Cottage in Angaston · ★5.0 · 2 bedrooms · 2 beds · 1 bath,86995031,Lydia,,Angaston,-34.50411,139.04513,Entire home/apt,239,1,26,2023-06-19,0.58,2,143,10,,Barossa Valley
29323401,Cottage in Tanunda · ★4.93 · 3 bedrooms · 3 beds · 2 baths,36772813,Leonie,,Tanunda,-34.51984,138.96333,Entire home/apt,500,2,103,2023-01-07,1.84,1,0,17,,Barossa Valley
29557043,Villa in Lyndoch · ★4.81 · 1 bedroom · 1 bed · 1 bath,28712482,Nelly,,Lyndoch,-34.58054,138.8629,Entire home/apt,413,2,26,2023-05-14,0.46,3,296,5,,Barossa Valley
29665883,Home in Tanunda · ★4.93 · 3 bedrooms · 3 beds · 2 baths,223133750,Jodie,,Tanunda,-34.52376,138.95994,Entire home/apt,349,2,183,2023-06-25,3.24,1,243,35,,Barossa Valley
29783445,Cottage in Angaston · ★4.77 · 2 bedrooms · 2 beds · 1 bath,26147078,Jonathan And Kate,,Angaston,-34.50044,139.04267,Entire home/apt,306,2,124,2023-05-22,2.24,6,338,34,,Barossa Valley
29975093,Cottage in Tanunda · ★4.71 · 2 bedrooms · 2 beds · 1 bath,220350000,Tanya & Mark,,Tanunda,-34.52745,138.95436,Entire home/apt,206,2,80,2023-04-28,1.46,1,233,23,,Barossa Valley
30094352,Home in Angaston · ★5.0 · 1 bedroom · 1 bed · 1 bath,225677521,Sue And Mike,,Angaston,-34.5028,139.05236,Entire home/apt,199,2,92,2022-04-25,1.68,1,0,0,,Barossa Valley
30724902,Home in Light Pass · ★4.62 · 2 bedrooms · 2 beds · 1 bath,229977210,Sibylle,,Light Pass,-34.4589,139.02772,Entire home/apt,190,1,147,2023-06-18,2.71,1,348,36,,Barossa Valley
31336642,Guest suite in Springton · ★4.97 · Studio · 2 beds · 1 bath,93219392,Evelyn,,Eden Valley,-34.68608,139.09059,Entire home/apt,185,1,37,2023-06-12,0.83,2,332,5,,Barossa Valley
31364857,Rental unit in Tanunda · ★4.86 · 1 bedroom · 1 bed · 1 bath,234888505,Murnane,,Tanunda,-34.5155,138.96574,Entire home/apt,198,2,199,2023-06-25,3.73,1,334,54,,Barossa Valley
31598469,Villa in Marananga · ★4.98 · 1 bedroom · 1 bed · 1 bath,233968367,Grant And Cathy,,Marananga,-34.48355,138.93782,Entire home/apt,595,2,41,2023-06-11,0.81,1,345,12,,Barossa Valley
31963378,Cottage in Penrice · ★4.94 · 3 bedrooms · 3 beds · 1.5 baths,239660458,Sue,,Moculta,-34.48898,139.05637,Entire home/apt,290,1,65,2023-06-02,1.23,1,162,21,,Barossa Valley
32551818,Home in Barrosa Valley · ★4.81 · 4 bedrooms · 4 beds · 2 baths,244624080,Ben,,Nuriootpa,-34.4668,138.98367,Entire home/apt,150,2,89,2023-06-17,1.77,1,118,16,,Barossa Valley
32789383,Farm stay in Springton · ★4.85 · 3 bedrooms · 3 beds · 2 baths,246654848,Graeme & Fleur,,Mount Crawford,-34.68959,139.03644,Entire home/apt,270,2,68,2023-05-07,1.41,2,342,15,,Barossa Valley
32964524,Farm stay in Springton · ★4.81 · 3 bedrooms · 3 beds · 2 baths,246654848,Graeme & Fleur,,Mount Crawford,-34.69082,139.03456,Entire home/apt,270,2,16,2023-04-09,0.49,2,342,4,,Barossa Valley
33539267,Home in Lyndoch · ★4.82 · 2 bedrooms · 2 beds · 2 baths,26147078,Jonathan And Kate,,Lyndoch,-34.59999,138.88481,Entire home/apt,335,2,185,2023-06-19,3.63,6,309,41,,Barossa Valley
33718568,Bed and breakfast in Rosedale · 1 bedroom · 1 bed · 1 bath,84633251,Henri,,Sandy Creek,-34.58139,138.83322,Private room,286,1,0,,,2,350,0,,Barossa Valley
33885699,Rental unit in Tanunda · ★4.92 · 2 bedrooms · 2 beds · 1.5 baths,85556067,Tracy,,Tanunda,-34.52698,138.95846,Entire home/apt,362,2,246,2023-06-04,4.86,1,299,56,,Barossa Valley
33968239,Home in Greenock · ★5.0 · 3 bedrooms · 3 beds · 2 baths,255507745,Janine,,Marananga,-34.4586,138.93494,Entire home/apt,435,2,21,2023-06-12,0.49,2,242,11,,Barossa Valley
34661591,Guesthouse in Light Pass · ★5.0 · 1 bedroom · 1 bed · 1 bath,261496601,Josie & Andrew,,Light Pass,-34.47415,139.03569,Entire home/apt,251,2,85,2023-06-03,1.71,1,46,11,,Barossa Valley
34732524,Home in Angaston · ★4.92 · 3 bedrooms · 3 beds · 1 bath,86995031,Lydia,,Angaston,-34.50356,139.04651,Entire home/apt,202,2,49,2023-04-22,0.99,2,318,20,,Barossa Valley
34756758,Cottage in Tanunda · ★4.96 · 2 bedrooms · 2 beds · 1.5 baths,262121622,Jerry,,Tanunda,-34.5264,138.95356,Entire home/apt,300,2,26,2023-02-11,0.65,1,246,8,,Barossa Valley
34914043,Villa in Angaston · ★5.0 · 2 bedrooms · 2 beds · 2.5 baths,106868811,Jan,,Angaston,-34.50834,139.10375,Entire home/apt,890,1,17,2022-11-19,0.35,2,184,2,,Barossa Valley
35021213,Cottage in Barossa Valley · ★4.99 · 1 bedroom · 1 bed · 1 bath,263832331,Sarah,,Light Pass,-34.47443,139.03687,Entire home/apt,550,2,100,2023-06-18,2.04,1,346,33,,Barossa Valley
35356801,Home in Williamstown · ★4.97 · 3 bedrooms · 4 beds · 1.5 baths,265939095,Dianne,,Williamstown,-34.67211,138.89063,Entire home/apt,280,2,34,2023-05-29,0.70,1,316,8,,Barossa Valley
35617858,Home in Angaston · ★4.83 · 5 bedrooms · 5 beds · 3 baths,257562725,Jasmine,,Angaston,-34.50322,139.04232,Entire home/apt,843,1,42,2023-04-16,0.92,4,319,9,,Barossa Valley
35660705,Farm stay in Barossa Valley · ★4.91 · 2 bedrooms · 2 beds · 1 bath,85597526,Tracy,,Mount Crawford,-34.77143,138.97557,Entire home/apt,180,1,434,2023-06-26,8.87,2,274,97,,Barossa Valley
36184899,Cottage in Lyndoch · ★4.98 · 1 bedroom · 1 bed · 1.5 baths,192564481,Brooke & Peter,,Lyndoch,-34.60311,138.87968,Entire home/apt,245,2,245,2022-11-02,6.08,1,0,34,,Barossa Valley
36464062,Cottage in Krondorf · ★5.0 · 2 bedrooms · 2 beds · 1 bath,274161665,Virginia And Charlie,,Bethany,-34.55865,138.96647,Entire home/apt,795,2,4,2023-05-20,0.37,1,350,4,,Barossa Valley
36498929,Home in Tanunda · ★4.83 · 2 bedrooms · 3 beds · 1 bath,49747343,Maz,,Tanunda,-34.52264,138.96292,Entire home/apt,169,1,385,2023-06-24,8.27,1,281,98,,Barossa Valley
36774681,Cottage in Tanunda · ★4.96 · 2 bedrooms · 2 beds · 1 bath,276432130,Scott,,Tanunda,-34.52644,138.95074,Entire home/apt,500,2,241,2023-06-23,5.34,1,184,72,,Barossa Valley
37021014,Bungalow in Tanunda · ★4.92 · 3 bedrooms · 3 beds · 1.5 baths,99672311,Tracy,,Tanunda,-34.52722,138.95516,Entire home/apt,300,2,76,2023-06-24,1.72,1,249,25,,Barossa Valley
37689356,Cottage in Nuriootpa · ★4.87 · 2 bedrooms · 2 beds · 1 bath,284867983,Rosa,,Nuriootpa,-34.46845,138.95749,Entire home/apt,312,2,61,2023-05-06,1.39,2,352,7,,Barossa Valley
37733817,Home in Tanunda · ★4.97 · 3 bedrooms · 3 beds · 2 baths,165561239,Marlovisa,,Tanunda,-34.52301,138.95934,Entire home/apt,254,2,106,2023-05-18,2.33,2,269,41,,Barossa Valley
37926946,Guesthouse in Altona · ★4.85 · 1 bedroom · 1 bed · 1 bath,287327836,Bianca,,Altona,-34.59226,138.90964,Entire home/apt,136,2,110,2023-06-12,2.42,1,169,23,,Barossa Valley
38072313,Home in Tanunda · 1 bedroom · 1 bed · 0 shared baths,297316869,Greenock Estate Wines,,Tanunda,-34.50588,139.00762,Private room,130,1,0,,,1,0,0,,Barossa Valley
38438917,Cottage in Angaston · ★4.94 · 2 bedrooms · 2 beds · 1 bath,24432943,Alexandra,,Angaston,-34.50468,139.0454,Entire home/apt,210,2,80,2023-06-12,1.76,2,319,18,,Barossa Valley
38473930,Home in Light Pass · ★4.98 · 1 bedroom · 1 bed · 1 private bath,267461364,Natalie,,Nuriootpa,-34.46411,139.01273,Private room,115,2,53,2023-06-07,1.18,1,265,16,,Barossa Valley
38557373,Cottage in Greenock · ★5.0 · 2 bedrooms · 2 beds · 1 bath,120950528,Virginia,,Greenock,-34.45786,138.92946,Entire home/apt,220,2,36,2023-06-18,0.85,1,217,5,,Barossa Valley
39265464,Home in Tanunda · ★4.92 · 3 bedrooms · 3 beds · 2 baths,165561239,Marlovisa,,Tanunda,-34.52297,138.95956,Entire home/apt,284,2,12,2023-06-03,0.35,2,274,4,,Barossa Valley
40212692,Farm stay in Bethany · ★4.95 · 2 bedrooms · 2 beds · 1 bath,2425103,Sandra,,Bethany,-34.54133,138.96892,Entire home/apt,250,999,62,2023-06-18,1.73,2,77,17,,Barossa Valley
40290859,Bed and breakfast in Lyndoch · ★5.0 · 2 bedrooms · 2 beds · 2 baths,310538520,Julieanne,,Lyndoch,-34.59169,138.8784,Private room,550,2,44,2023-04-29,1.05,2,151,13,,Barossa Valley
40291757,Bed and breakfast in Lyndoch · ★5.0 · 1 bedroom · 1 bed · 1 private bath,310538520,Julieanne,,Lyndoch,-34.59146,138.87785,Private room,503,1,3,2022-05-01,0.08,2,126,0,,Barossa Valley
40433136,Rental unit in Angaston · Studio · 1 private bath,162433043,Danielle,,Angaston,-34.49301,139.02863,Private room,160,2,2,2023-04-08,0.13,6,365,1,,Barossa Valley
40433163,Rental unit in Angaston · ★4.72 · Studio · 1 private bath,162433043,Danielle,,Angaston,-34.49273,139.02724,Private room,135,2,36,2023-06-12,0.83,6,365,16,,Barossa Valley
40433180,Rental unit in Angaston · Studio · 1 private bath,162433043,Danielle,,Angaston,-34.49396,139.0272,Private room,165,2,1,2022-08-22,0.10,6,359,1,,Barossa Valley
40433196,Rental unit in Angaston · ★4.67 · Studio · 1 private bath,162433043,Danielle,,Angaston,-34.49263,139.0282,Private room,175,2,6,2022-04-21,0.15,6,337,0,,Barossa Valley
40433230,Rental unit in Angaston · ★4.0 · 1 bedroom · 1 shared bath,162433043,Danielle,,Angaston,-34.49316,139.0268,Private room,175,2,3,2022-08-15,0.18,6,348,1,,Barossa Valley
40433247,Rental unit in Angaston · ★4.50 · Studio · 1 private bath,162433043,Danielle,,Angaston,-34.49287,139.02824,Private room,135,2,4,2022-11-09,0.09,6,346,2,,Barossa Valley
40433618,Guest suite in Angaston · ★4.98 · 1 bedroom · 1 bed · 1 bath,29148788,Karl,,Angaston,-34.53442,139.04067,Entire home/apt,220,2,182,2023-06-19,4.20,1,157,54,,Barossa Valley
40710829,Home in Angaston · 1 bedroom · 1 bed · 1 bath,26147078,Jonathan And Kate,,Angaston,-34.5007,139.03794,Private room,120,2,0,,,6,0,0,,Barossa Valley
41405916,Home in Seppeltsfield · ★4.71 · 4 bedrooms · 4 beds · 2 baths,396529571,Dorham,,Marananga,-34.49786,138.91199,Entire home/apt,693,1,121,2023-04-25,3.00,1,307,19,,Barossa Valley
41597034,Cottage in Tanunda · ★4.98 · 2 bedrooms · 2 beds · 2 baths,10626104,Karen,,Tanunda,-34.50551,138.99555,Entire home/apt,320,1,106,2023-06-04,2.58,2,276,54,,Barossa Valley
41804891,Cottage in Tanunda · ★4.99 · 3 bedrooms · 3 beds · 3.5 baths,196783231,Louise,,Tanunda,-34.527801513671875,138.95391845703125,Entire home/apt,500,2,131,2023-06-22,3.23,1,269,44,,Barossa Valley
42649403,Guesthouse in Greenock · ★4.81 · 1 bedroom · 1 bed · 1 bath,123337181,Linda,,Greenock,-34.45529,138.93175,Entire home/apt,165,2,53,2023-06-12,1.95,1,330,19,,Barossa Valley
42653260,Guesthouse in Mount Pleasant · ★4.96 · 1 bedroom · 1 bed · 1 bath,175043828,Shari,,Mount Pleasant,-34.77926,139.0434,Entire home/apt,105,1,71,2022-07-24,2.20,1,0,1,,Barossa Valley
42667491,Cottage in Angaston · ★4.93 · 1 bedroom · 1 bed · 1 bath,257562725,Jasmine,,Angaston,-34.50108,139.0417,Entire home/apt,250,1,269,2023-06-25,6.69,4,211,96,,Barossa Valley
42718676,Cottage in Angaston · ★4.93 · 2 bedrooms · 2 beds · 2 baths,257562725,Jasmine,,Angaston,-34.50217,139.04118,Entire home/apt,501,1,121,2023-06-17,3.52,4,304,49,,Barossa Valley
43047801,Cottage in Angaston · ★4.98 · 3 bedrooms · 4 beds · 1.5 baths,241630453,Melissa,,Angaston,-34.49985,139.04135,Entire home/apt,260,2,124,2023-06-18,3.36,2,215,39,,Barossa Valley
43329785,Home in Nuriootpa · ★5.0 · 3 bedrooms · 3 beds · 1.5 baths,52348976,Annika,,Nuriootpa,-34.49419,139.00969,Entire home/apt,440,2,72,2023-06-18,2.00,1,178,26,,Barossa Valley
43366530,Rental unit in Tanunda · ★4.78 · 1 bedroom · 1 bed · 1 private bath,257562725,Jasmine,,Tanunda,-34.52633,138.95851,Private room,220,1,187,2023-06-17,4.93,4,344,64,,Barossa Valley
43646190,Guesthouse in Concordia · ★4.85 · 1 bedroom · 1 bed · 1 bath,348529669,Greg And Mary,,Concordia,-34.60049,138.80042,Entire home/apt,150,2,27,2022-12-04,0.84,1,14,2,,Barossa Valley
44450394,Home in Stone Well · ★4.78 · 3 bedrooms · 3 beds · 1.5 baths,359107874,Katelin,,Nuriootpa,-34.49398,138.97228,Private room,400,2,23,2022-11-12,0.70,1,62,5,,Barossa Valley
45092536,Farm stay in Williamstown · ★4.90 · 1 bed · 1 bath,26657441,Nelly Stan,,Williamstown,-34.65566,138.88852,Entire home/apt,117,2,70,2023-06-25,3.86,1,133,48,,Barossa Valley
45319838,Barn in Buchfelde · ★4.92 · 1 bedroom · 1 bed · 1 bath,179855375,Veronica,,Buchfelde,-34.614,138.69962,Entire home/apt,120,2,25,2023-06-25,3.00,1,150,25,,Barossa Valley
45548496,Home in Springton · 3 bedrooms · 4 beds · 1 bath,198156088,Jane,,Springton,-34.72354,139.06653,Entire home/apt,420,2,2,2020-10-04,0.06,3,0,0,,Barossa Valley
45555495,Home in Tanunda · ★4.94 · 2 bedrooms · 3 beds · 1 bath,65827290,Hannah,,Tanunda,-34.5224,138.95434,Entire home/apt,250,2,69,2023-06-13,2.14,1,145,19,,Barossa Valley
45693523,Home in Lyndoch · ★4.98 · 3 bedrooms · 3 beds · 1 bath,92198370,Heather,,Lyndoch,-34.60219,138.88697,Entire home/apt,279,2,63,2023-05-26,1.92,2,177,17,,Barossa Valley
45714238,Home in Springton · ★4.97 · 1 bedroom · 1 bed · 1 bath,198156088,Jane,,Springton,-34.72339,139.06674,Entire home/apt,165,1,32,2022-01-01,0.98,3,0,0,,Barossa Valley
45714531,Home in Springton · ★5.0 · 2 bedrooms · 2 beds · 1 bath,198156088,Jane,,Springton,-34.72344,139.06642,Entire home/apt,300,1,4,2022-01-14,0.15,3,0,0,,Barossa Valley
45772254,Cottage in Tanunda · ★4.99 · 1 bedroom · 1 bed · 1.5 baths,362336116,Charmaine,,Tanunda,-34.5381,138.9373,Entire home/apt,280,2,163,2023-06-25,5.32,1,293,68,,Barossa Valley
46128155,Home in Seppeltsfield · ★5.0 · 3 bedrooms · 3 beds · 2.5 baths,77871395,Wendy,,Marananga,-34.48787,138.90777,Entire home/apt,846,2,35,2023-05-11,1.30,2,267,18,,Barossa Valley
46129812,Cottage in Angaston · ★4.91 · 2 bedrooms · 2 beds · 1 bath,13831555,Lisa,,Angaston,-34.50514,139.04539,Entire home/apt,250,2,32,2023-06-25,2.16,1,72,24,,Barossa Valley
47117855,Cottage in Angaston · ★4.75 · 2 bedrooms · 2 beds · 1 bath,5100298,Adele,,Angaston,-34.50367,139.04674,Entire home/apt,240,2,64,2023-06-18,2.12,2,200,28,,Barossa Valley
47449065,Villa in Lyndoch · ★5.0 · 7 bedrooms · 9 beds · 3.5 baths,48998930,Darren,,Lyndoch,-34.60082,138.88778,Entire home/apt,767,2,25,2023-06-12,1.19,1,332,12,,Barossa Valley
47478352,Cottage in Stone Well · ★4.16 · 4 bedrooms · 5 beds · 2.5 baths,383252462,Hui,,Tanunda,-34.51047,138.94969,Entire home/apt,350,2,43,2023-06-12,1.57,1,342,15,,Barossa Valley
47925036,Home in Tanunda · ★5.0 · 4 bedrooms · 4 beds · 2 baths,53620255,Peter,,Tanunda,-34.52364,138.9582,Entire home/apt,667,2,22,2023-05-07,1.38,1,311,16,,Barossa Valley
48061876,Barn in Springton · ★4.92 · 1 bedroom · 2 beds · 1 bath,2660469,Mark And Fiona,,Springton,-34.70765,139.09017,Entire home/apt,168,2,59,2023-04-25,2.29,2,350,27,,Barossa Valley
48161724,Cottage in Lyndoch · 2 bedrooms · 2 beds · 1.5 baths,308444810,Louise,,Lyndoch,-34.57875,138.89419,Entire home/apt,269,2,1,2021-04-14,0.04,2,322,0,,Barossa Valley
48248462,Cottage in Angaston · ★4.77 · 3 bedrooms · 3 beds · 1 bath,5100298,Adele,,Angaston,-34.50497,139.04635,Entire home/apt,340,2,13,2023-06-24,0.47,2,252,4,,Barossa Valley
48367802,Cottage in Eden Valley · ★4.69 · 1 bedroom · 1 bed · 1 bath,109279546,Intrepid BnB,,Eden Valley,-34.64447,139.09806,Entire home/apt,181,2,101,2023-06-23,3.59,1,243,35,,Barossa Valley
48457019,Cottage in Tanunda · ★4.86 · 2 bedrooms · 2 beds · 1 bath,132901790,Mary,,Tanunda,-34.52479,138.95428,Entire home/apt,403,1,44,2023-05-21,1.73,3,331,12,,Barossa Valley
48457377,Cottage in Tanunda · ★4.79 · 1 bedroom · 1 bed · 1 bath,132901790,Mary,,Tanunda,-34.5234,138.95459,Entire home/apt,299,1,28,2023-06-15,1.13,3,283,9,,Barossa Valley
48457650,Cottage in Tanunda · ★4.85 · 1 bedroom · 1 bed · 1 bath,132901790,Mary,,Tanunda,-34.52255,138.95391,Entire home/apt,288,1,34,2023-05-31,1.33,3,304,15,,Barossa Valley
48999138,Place to stay in Kapunda · ★4.90 · 7 bedrooms · 9 beds · 2.5 baths,3524070,Bridget,,Kapunda,-34.34298,138.90949,Entire home/apt,1171,2,31,2023-04-23,1.19,1,318,13,,Barossa Valley
49064366,Home in Nuriootpa · ★4.80 · 5 bedrooms · 7 beds · 2 baths,133655329,Nick,,Nuriootpa,-34.45968,139.00304,Entire home/apt,270,2,15,2022-12-04,0.56,1,0,4,,Barossa Valley
49197946,Farm stay in Angaston · ★4.83 · 2 bedrooms · 2 beds · 1 private bath,52444929,Kirsten,,Angaston,-34.50491,139.04087,Private room,170,2,12,2021-11-28,0.48,1,0,0,,Barossa Valley
49200495,Cottage in Tanunda · ★4.69 · 2 bedrooms · 4 beds · 1.5 baths,27083172,Nick And Aloe,,Tanunda,-34.52971,138.94951,Entire home/apt,234,1,221,2023-06-13,8.40,2,107,102,,Barossa Valley
49448518,Cottage in Springton · ★4.94 · 2 bedrooms · 3 beds · 1 bath,2660469,Mark And Fiona,,Springton,-34.70751,139.09022,Entire home/apt,196,1,50,2023-06-05,1.94,2,336,26,,Barossa Valley
49863533,Guest suite in Nuriootpa · ★4.86 · 1 bedroom · 1 bed · 1 bath,402141220,Hewitson Winery,,Nuriootpa,-34.49578,138.97861,Entire home/apt,255,1,122,2023-06-12,4.78,4,345,48,,Barossa Valley
49865101,Guest suite in Nuriootpa · ★4.88 · 1 bedroom · 1 bed · 1 bath,402141220,Hewitson Winery,,Nuriootpa,-34.4948,138.97725,Entire home/apt,255,1,120,2023-06-13,4.79,4,335,50,,Barossa Valley
49910082,Home in Tanunda · ★4.73 · 1 bedroom · 1 bed · 0 shared baths,6187392,Mai,,Tanunda,-34.51038,138.96631,Private room,120,1,11,2022-01-08,0.43,1,0,0,,Barossa Valley
49912569,Guest suite in Nuriootpa · ★4.83 · 3 bedrooms · 3 beds · 3 baths,402141220,Hewitson Winery,,Tanunda,-34.49652,138.97936,Entire home/apt,818,2,6,2023-05-13,0.33,4,331,3,,Barossa Valley
49913465,Farm stay in Krondorf · ★4.87 · 5 bedrooms · 7 beds · 3.5 baths,9683914,Angela,,Bethany,-34.57048,138.98641,Entire home/apt,1000,2,45,2023-06-17,1.96,1,54,19,,Barossa Valley
49931720,Villa in Cockatoo Valley · ★4.92 · 8 bedrooms · 9 beds · 4 baths,8926804,Julie,,Cockatoo Valley,-34.620418548583984,138.83273315429688,Entire home/apt,795,2,26,2023-06-25,1.17,1,302,17,,Barossa Valley
50141467,Cottage in Nuriootpa · ★4.90 · 3 bedrooms · 3 beds · 2 baths,150886171,Penny,,Nuriootpa,-34.48072,138.99452,Entire home/apt,350,2,21,2023-06-25,2.35,1,348,21,,Barossa Valley
50163896,Bed and breakfast in Kapunda · ★5.0 · 1 bedroom · 1 bed · 1 private bath,86727693,Susan,,Kapunda,-34.34012,138.9183,Private room,200,1,4,2023-06-12,0.93,3,340,4,,Barossa Valley
50527203,Home in Tanunda · ★5.0 · 2 bedrooms · 2 beds · 1 bath,408243200,Max,,Tanunda,-34.52541,138.96324,Entire home/apt,690,2,30,2023-04-16,1.27,1,259,18,,Barossa Valley
50581037,Home in Barossa Valley · ★4.98 · 4 bedrooms · 5 beds · 2 baths,103898307,Anna And David,,Marananga,-34.49833,138.94325,Entire home/apt,545,2,88,2023-06-25,4.13,1,296,50,,Barossa Valley
50835494,Cottage in Rowland Flat · ★4.97 · 4 bedrooms · 5 beds · 2 baths,410966448,Lisa,,Tanunda,-34.54035,138.94456,Entire home/apt,325,2,60,2023-06-18,2.62,1,313,40,,Barossa Valley
50946022,Home in Tanunda · ★4.96 · 4 bedrooms · 4 beds · 1 bath,412005775,Sandy,,Tanunda,-34.523006,138.960617,Entire home/apt,314,2,24,2023-05-29,1.36,1,162,12,,Barossa Valley
50982705,Guest suite in Angaston · 1 bedroom · 1 bed · 1 bath,412389155,Tony,,Angaston,-34.494114,139.048141,Entire home/apt,216,2,0,,,1,100,0,,Barossa Valley
51296366,Serviced apartment in Hamilton · ★4.90 · 2 bedrooms · 3 beds · 1 private bath,261874745,Stella,,Kapunda,-34.21755,138.87788,Private room,140,1,21,2023-05-15,0.94,1,330,8,,Barossa Valley
51378316,Cottage in Hamilton · 1 bedroom · 1 bed · 1 bath,383527612,Jean-Claude,,Kapunda,-34.23234,138.9729,Entire home/apt,262,1,1,2022-07-05,0.08,7,323,1,,Barossa Valley
51378839,Cottage in Hamilton · ★5.0 · 2 bedrooms · 2 beds · 1 bath,383527612,Jean-Claude,,Kapunda,-34.23411,138.97123,Entire home/apt,302,1,6,2023-04-09,0.29,7,323,4,,Barossa Valley
51379621,Cottage in Hamilton · 3 bedrooms · 3 beds · 1 bath,383527612,Jean-Claude,,Kapunda,-34.23413,138.97212,Entire home/apt,342,1,2,2023-01-01,0.10,7,323,1,,Barossa Valley
51410334,Bed and breakfast in Hamilton · 1 bedroom · 1 bed · 1 bath,383527612,Jean-Claude,,Kapunda,-34.23257,138.97184,Private room,292,1,0,,,7,315,0,,Barossa Valley
51410362,Bed and breakfast in Hamilton · ★5.0 · 3 bedrooms · 3 beds · 1 bath,383527612,Jean-Claude,,Kapunda,-34.23382,138.9716,Private room,372,1,3,2022-09-04,0.21,7,315,1,,Barossa Valley
51410372,Bed and breakfast in Hamilton · 2 bedrooms · 2 beds · 1 bath,383527612,Jean-Claude,,Kapunda,-34.23255,138.97293,Private room,332,1,0,,,7,315,0,,Barossa Valley
51851038,Home in Tanunda · ★4.85 · 3 bedrooms · 3 beds · 3 baths,397924132,David And Ruth,,Tanunda,-34.51262,138.96654,Entire home/apt,409,2,13,2023-05-21,0.63,1,110,5,,Barossa Valley
52173111,Cottage in Tanunda · ★4.97 · 3 bedrooms · 3 beds · 1.5 baths,422357766,Brett,,Tanunda,-34.52367,138.95731,Entire home/apt,313,2,58,2023-06-12,2.69,1,330,39,,Barossa Valley
52195885,Cottage in Tanunda · ★4.83 · 3 bedrooms · 3 beds · 1.5 baths,285235468,Kate,,Tanunda,-34.52798,138.95344,Entire home/apt,280,2,64,2023-05-23,3.00,1,346,27,,Barossa Valley
52293256,Home in Kapunda · ★4.92 · 3 bedrooms · 3 beds · 1 bath,78037905,Steph,,Kapunda,-34.338913,138.910217,Entire home/apt,146,2,51,2023-06-12,2.47,1,163,28,,Barossa Valley
52482939,Villa in Lyndoch · ★5.0 · 3 bedrooms · 3 beds · 3.5 baths,424812770,Melissa,,Lyndoch,-34.58998,138.87766,Entire home/apt,809,2,11,2023-04-11,0.70,1,343,8,,Barossa Valley
52923843,Bungalow in Angaston · ★5.0 · 5 bedrooms · 5 beds · 3 baths,255507745,Janine,,Angaston,-34.54514,139.02818,Entire home/apt,1560,2,3,2022-06-05,0.20,2,342,0,,Barossa Valley
53055342,Place to stay in Springton · ★4.98 · 1 bedroom · 1 bed · 1 bath,326577506,Jon,,Springton,-34.70591,139.08727,Entire home/apt,156,1,80,2023-06-18,4.06,2,88,42,,Barossa Valley
53068838,Farm stay in Moculta · ★5.0 · 4 bedrooms · 4 beds · 2 baths,164905660,Melissa-Jane,,Moculta,-34.45917,139.11025,Entire home/apt,960,2,50,2023-06-26,2.69,1,294,37,,Barossa Valley
53101008,Cottage in Tanunda · ★4.90 · 3 bedrooms · 3 beds · 2 baths,429874958,Matthew,,Tanunda,-34.52882,138.95247,Entire home/apt,320,2,42,2023-06-25,2.27,1,96,29,,Barossa Valley
53111469,Villa in Tanunda · ★4.92 · 3 bedrooms · 3 beds · 2 baths,78710746,Emma,,Tanunda,-34.51845,138.96126,Entire home/apt,445,2,74,2023-06-16,4.06,2,304,44,,Barossa Valley
53157588,Home in Light Pass · ★5.0 · 4 bedrooms · 6 beds · 2 baths,175822582,Josh,,Light Pass,-34.46473,139.02256,Entire home/apt,600,2,29,2023-06-26,1.99,3,249,25,,Barossa Valley
53207344,Home in Tanunda · ★4.91 · 2 bedrooms · 2 beds · 1 bath,430748967,Trent,,Tanunda,-34.52085,138.9543,Entire home/apt,220,2,34,2023-05-26,2.10,1,346,23,,Barossa Valley
53245474,Guesthouse in Bethany · ★4.96 · 1 bedroom · 1 bed · 1 bath,431071310,Jessica,,Bethany,-34.5393,138.97113,Entire home/apt,188,1,95,2023-06-25,5.69,1,323,68,,Barossa Valley
53486238,Cottage in Seppeltsfield · ★New · 2 bedrooms · 2 beds · 1 bath,218035532,Alex,,Marananga,-34.49041,138.92091,Entire home/apt,493,2,0,,,1,238,0,,Barossa Valley
53498238,Guesthouse in Springton · ★4.86 · 1 bedroom · 1 bed · 1 bath,326577506,Jon,,Springton,-34.70556,139.08841,Entire home/apt,156,1,76,2023-06-18,3.97,2,86,43,,Barossa Valley
53597878,Bungalow in Tanunda · ★4.62 · 1 bedroom · 2 beds · 1.5 baths,27083172,Nick And Aloe,,Tanunda,-34.530571,138.949783,Entire home/apt,169,1,149,2023-06-04,8.01,2,162,92,,Barossa Valley
53817822,Home in Nuriootpa · ★4.86 · 1 bedroom · 1 bed · 1 private bath,140687491,Anna,,Nuriootpa,-34.47498,138.99216,Private room,92,1,37,2023-06-18,2.04,1,348,16,,Barossa Valley
54151696,Farm stay in Mount Crawford · ★4.66 · 2 bedrooms · 3 beds · 1 bath,439026671,Kate,,Mount Crawford,-34.72912,138.96318,Entire home/apt,174,2,35,2023-05-29,2.52,1,310,27,,Barossa Valley
54187049,Home in Nuriootpa · ★4.86 · 3 bedrooms · 5 beds · 2.5 baths,439331891,Emma&Roger,,Nuriootpa,-34.46914,138.96758,Entire home/apt,292,2,22,2023-05-11,1.40,8,43,18,,Barossa Valley
542934522374568605,Guest suite in Tanunda · 5 bedrooms · 9 beds · 3 baths,9380091,Kym,,Tanunda,-34.52837,138.95421,Private room,300,2,0,,,14,117,0,,Barossa Valley
563854793233301758,Vacation home in Lyndoch · ★4.71 · 2 bedrooms · 3 beds · 1 bath,10421165,Mark And Fiona,,Lyndoch,-34.60445,138.88233,Entire home/apt,199,2,14,2023-05-28,1.04,2,319,10,,Barossa Valley
597299948635932099,Cottage in Hamilton · 2 bedrooms · 2 beds · 2 baths,383527612,Jean-Claude,,Kapunda,-34.23201,138.97174,Entire home/apt,402,1,1,2023-02-26,0.25,7,335,1,,Barossa Valley
598893796161066227,Home in Tanunda · ★5.0 · 3 bedrooms · 4 beds · 1 bath,91611833,Shannon,,Tanunda,-34.525082,138.955566,Entire home/apt,493,2,58,2023-06-12,4.01,1,306,46,,Barossa Valley
601803388917014503,Home in Tanunda · ★New · 2 bedrooms · 2 beds · 1.5 baths,552403,Nicky,,Tanunda,-34.52838,138.95891,Entire home/apt,240,2,0,,,1,364,0,,Barossa Valley
610466336457949581,Home in Penrice · ★4.86 · 3 bedrooms · 3 beds · 1.5 baths,428181353,Tita,,Penrice,-34.487904,139.033661,Entire home/apt,253,2,37,2023-06-12,2.78,1,342,35,,Barossa Valley
611369443768980724,Home in Angaston · ★4.89 · 3 bedrooms · 3 beds · 1 bath,455612017,Stacey,,Angaston,-34.508907,139.043564,Entire home/apt,152,1,19,2023-06-12,1.50,1,174,18,,Barossa Valley
611659077132662185,Bungalow in Angaston · ★4.67 · 3 bedrooms · 5 beds · 2 baths,24432943,Alexandra,,Angaston,-34.50316,139.04548,Entire home/apt,210,2,6,2023-06-12,1.31,2,320,6,,Barossa Valley
623438660532088604,Cottage in Tanunda · ★4.93 · 2 bedrooms · 2 beds · 2 baths,27555575,Lisa,,Tanunda,-34.52648,138.95387,Entire home/apt,310,2,61,2023-06-21,5.18,1,191,61,,Barossa Valley
625072901481223153,Cottage in Angaston · ★4.72 · 2 bedrooms · 2 beds · 1.5 baths,63139941,Charlotte,,Angaston,-34.49822,139.0426,Entire home/apt,230,2,39,2023-06-08,3.06,1,267,36,,Barossa Valley
634520727307763774,Home in Rowland Flat · ★5.0 · 6 bedrooms · 9 beds · 4 baths,460856186,Awesome,,Altona,-34.59003,138.93501,Entire home/apt,1200,1,5,2023-04-23,0.51,4,352,5,,Barossa Valley
637886639776162642,Rental unit in Tanunda · ★4.14 · Studio · 1 bed · 1 bath,461601857,The Wine,,Tanunda,-34.51356,138.97308,Entire home/apt,208,1,14,2023-04-24,1.22,7,355,14,,Barossa Valley
637906590837702599,Rental unit in Tanunda · 1 bedroom · 2 beds · 1 bath,461601857,The Wine,,Tanunda,-34.51365,138.97128,Entire home/apt,203,1,2,2022-11-20,0.27,7,360,2,,Barossa Valley
637911090164505078,Rental unit in Tanunda · 1 bedroom · 2 beds · 1 bath,461601857,The Wine,,Tanunda,-34.51401,138.97144,Entire home/apt,254,1,2,2023-04-07,0.27,7,361,2,,Barossa Valley
637920461053069878,Rental unit in Tanunda · ★4.0 · 1 bedroom · 1 bed · 1 bath,461601857,The Wine,,Tanunda,-34.51574,138.97087,Entire home/apt,261,1,6,2023-04-01,0.55,7,355,6,,Barossa Valley
637922201318817861,Rental unit in Tanunda · 1 bedroom · 1 bed · 1 bath,461601857,The Wine,,Tanunda,-34.51353,138.97079,Entire home/apt,260,1,0,,,7,357,0,,Barossa Valley
637928149292994175,Rental unit in Tanunda · 1 bedroom · 2 beds · 1 bath,461601857,The Wine,,Tanunda,-34.51493,138.97129,Entire home/apt,241,1,1,2022-12-07,0.15,7,351,1,,Barossa Valley
637931106243766297,Rental unit in Tanunda · ★3.25 · 1 bedroom · 3 beds · 1 bath,461601857,The Wine,,Tanunda,-34.51392,138.9728,Entire home/apt,263,1,4,2022-12-03,0.33,7,359,3,,Barossa Valley
642268024740404371,Cottage in Angaston · ★4.97 · 1 bedroom · 1 bed · 1.5 baths,461929112,Marilyn And Adam,,Angaston,-34.50089,139.05253,Entire home/apt,269,2,35,2023-06-12,2.88,1,271,35,,Barossa Valley
646541825645212790,Cottage in Flaxman Valley · ★4.82 · 2 bedrooms · 2 beds · 1 bath,234210445,Song,,Flaxman Valley,-34.65001,139.06091,Entire home/apt,190,2,17,2023-06-12,1.39,1,345,16,,Barossa Valley
657633783007400043,Home in Rowland Flat · ★4.82 · 4 bedrooms · 6 beds · 2 baths,460856186,Awesome,,Altona,-34.59327,138.92714,Entire home/apt,800,1,17,2023-06-17,1.45,4,355,17,,Barossa Valley
666183097301109965,Home in Rowland Flat · ★4.88 · 5 bedrooms · 7 beds · 5 baths,460856186,Awesome,,Altona,-34.57401,138.94153,Entire home/apt,853,1,24,2023-06-12,2.08,4,341,24,,Barossa Valley
668396960497325094,Villa in Lyndoch · ★5.0 · 5 bedrooms · 5 beds · 5.5 baths,460856186,Awesome,,Lyndoch,-34.57538,138.87473,Entire home/apt,1214,1,9,2023-05-31,0.91,4,89,9,,Barossa Valley
674136485566649262,Cottage in Angaston · ★4.87 · 3 bedrooms · 3 beds · 1 bath,462115682,Jane,,Angaston,-34.5055,139.04626,Entire home/apt,434,1,23,2023-06-12,2.12,1,342,23,,Barossa Valley
674946640582232212,Cottage in Angaston · 1 bedroom · 1 bed · 1 bath,88080137,Georgie,,Angaston,-34.49829,139.04183,Entire home/apt,245,2,0,,,2,81,0,,Barossa Valley
674946704428630052,Cottage in Angaston · ★5.0 · 1 bedroom · 1 bed · 1 bath,88080137,Georgie,,Angaston,-34.49881,139.04178,Entire home/apt,270,2,4,2023-06-24,0.37,2,98,4,,Barossa Valley
679330074770382060,casa particular in Gawler West · ★4.33 · 1 bedroom · 1 bed · 1.5 shared baths,124017088,Michelle,,Buchfelde,-34.600042942479774,138.73399168252945,Private room,92,1,12,2023-06-18,1.08,1,88,12,,Barossa Valley
685039112890901249,Tiny home in Kapunda · ★4.81 · 1 bedroom · 1 bed · 1 bath,154813436,Tiny Away,,Kapunda,-34.34246,138.90482,Entire home/apt,225,1,21,2023-05-28,2.35,1,358,21,,Barossa Valley
694004921616356584,Cottage in Tanunda · ★5.0 · 2 bedrooms · 4 beds · 1 bath,475104337,Vic And Sandi,,Tanunda,-34.52947,138.95115,Entire home/apt,260,2,5,2023-05-28,0.87,1,33,5,,Barossa Valley
701030563032420807,Guest suite in Nuriootpa · ★4.90 · 1 bedroom · 1 bed · 1 bath,402141220,Hewitson Winery,,Nuriootpa,-34.49453,138.97865,Entire home/apt,346,1,20,2023-06-12,2.07,4,346,20,,Barossa Valley
702031267609659440,Guest suite in Bethany · ★4.0 · Studio · 1 bed · 1 bath,439331891,Emma&Roger,,Bethany,-34.55362,138.97854,Entire home/apt,103,1,5,2023-02-04,0.57,8,120,5,,Barossa Valley
703395754090693752,Guest suite in Bethany · ★4.86 · 1 bedroom · 2 beds · 1 bath,439331891,Emma&Roger,,Bethany,-34.55359,138.97797,Entire home/apt,120,1,7,2023-05-27,0.81,8,99,7,,Barossa Valley
703872734491160951,Guest suite in Bethany · ★4.67 · 1 bedroom · 2 beds · 1 bath,439331891,Emma&Roger,,Bethany,-34.55279,138.97718,Entire home/apt,120,1,15,2023-05-29,1.98,8,101,15,,Barossa Valley
703873092978064872,Guest suite in Bethany · ★4.46 · Studio · 1 bed · 1 bath,439331891,Emma&Roger,,Bethany,-34.55455,138.97926,Entire home/apt,103,1,13,2023-06-04,1.41,8,123,13,,Barossa Valley
703873217398549559,Guest suite in Bethany · ★4.29 · Studio · 1 bed · 1 bath,439331891,Emma&Roger,,Bethany,-34.5528,138.97784,Entire home/apt,103,1,7,2023-05-30,0.80,8,126,7,,Barossa Valley
703873326508107679,Guest suite in Bethany · ★4.41 · Studio · 1 bed · 0 baths,439331891,Emma&Roger,,Bethany,-34.55494,138.97807,Entire home/apt,140,1,17,2023-05-30,1.75,8,66,17,,Barossa Valley
706793228615597287,Home in Tanunda · ★4.94 · 3 bedrooms · 3 beds · 1 bath,175722042,Alex,,Tanunda,-34.5354566,138.95152,Entire home/apt,189,2,34,2023-06-23,4.30,1,202,34,,Barossa Valley
714091918722300599,Villa in Tanunda · ★5.0 · 5 bedrooms · 5 beds · 5 baths,479155405,Sally And Cathie,,Tanunda,-34.52294851715476,138.95535176322934,Entire home/apt,2300,2,3,2023-06-07,0.74,2,316,3,,Barossa Valley
715671869674731648,Guesthouse in Springton · ★5.0 · 1 bedroom · 2 beds · 1 bath,93219392,Evelyn,,Eden Valley,-34.68654,139.09146,Entire home/apt,185,1,8,2023-06-18,1.53,2,269,8,,Barossa Valley
718469772693217183,Farm stay in Mount Pleasant · ★5.0 · 1 bedroom · 1 bed · 1 bath,184466221,Susan,,Mount Pleasant,-34.7791637642793,139.04115591198206,Entire home/apt,174,1,11,2023-06-11,1.32,1,291,11,,Barossa Valley
719047800996826519,Farm stay in Stone Well · ★5.0 · 4 bedrooms · 4 beds · 2.5 baths,480091620,Maple,,Tanunda,-34.50115,138.95877,Entire home/apt,758,2,3,2023-04-10,0.50,1,178,3,,Barossa Valley
721093381238847388,Guesthouse in Marananga · 1 bedroom · 1 bed · 1 bath,275161574,Wendy,,Marananga,-34.48506,138.93849,Entire home/apt,332,2,2,2023-05-28,0.69,2,317,2,,Barossa Valley
730052627340589289,Guest suite in Angaston · ★4.89 · 1 bedroom · 1 bed · 1 private bath,384908171,Josh And Jen,,Moculta,-34.50764,139.05808,Private room,154,2,9,2023-06-18,3.38,1,141,9,,Barossa Valley
741764023269405028,Villa in Nuriootpa · ★5.0 · 5 bedrooms · 5 beds · 3 baths,82430837,Shane,,Nuriootpa,-34.4915714,138.9647129,Entire home/apt,1000,2,7,2023-06-04,1.01,1,344,7,,Barossa Valley
747532233690769175,Guesthouse in Williamstown · ★4.94 · Studio · 1 bed · 1 bath,69323160,Chelsea,,Williamstown,-34.690289509990635,138.88428203707855,Entire home/apt,136,1,50,2023-06-25,7.28,1,246,50,,Barossa Valley
752288334648314435,Home in Tanunda · ★4.87 · 3 bedrooms · 4 beds · 1.5 baths,486246058,Carolyn,,Tanunda,-34.53263,138.95184,Entire home/apt,438,3,15,2023-06-25,2.49,1,333,15,,Barossa Valley
756604947669191472,Villa in Tanunda · 5 bedrooms · 5 beds · 5.5 baths,479155405,Sally And Cathie,,Tanunda,-34.52313,138.95258,Entire home/apt,3743,3,0,,,2,149,0,,Barossa Valley
758045124157492083,Home in Tanunda · ★4.77 · 2 bedrooms · 2 beds · 1.5 baths,61713490,Kerry,,Tanunda,-34.5273725987876,138.95579393953085,Entire home/apt,259,2,13,2023-05-08,2.11,1,25,13,,Barossa Valley
759155804904701797,Rental unit in Angaston · 2 bedrooms · 4 beds · 1 bath,487505306,Anne-Marie,,Angaston,-34.49997247080307,139.05090309259035,Entire home/apt,241,2,0,,,4,320,0,,Barossa Valley
759182781379305366,Rental unit in Angaston · 2 bedrooms · 3 beds · 1 bath,487505306,Anne-Marie,,Angaston,-34.500007838466324,139.05094600793458,Entire home/apt,248,2,0,,,4,307,0,,Barossa Valley
759792078949787887,Villa in Bethany · ★4.50 · 3 bedrooms · 3 beds · 2 baths,439331891,Emma&Roger,,Bethany,-34.55312,138.9787,Entire home/apt,221,1,14,2023-05-23,2.33,8,105,14,,Barossa Valley
763963393371961799,Cottage in Tanunda · ★5.0 · 2 bedrooms · 2 beds · 1 bath,49528952,Rainer,,Tanunda,-34.521603,138.9535283,Entire home/apt,320,2,31,2023-06-18,4.49,1,151,31,,Barossa Valley
764806740959532527,Villa in Mount Pleasant · 1 bedroom · 1 bed · 1 bath,488554818,Ronald,,Mount Pleasant,-34.7432,139.11408,Entire home/apt,189,2,2,2022-12-28,0.33,11,0,2,,Barossa Valley
765505805955518946,Villa in Mount Pleasant · 1 bedroom · 1 bed · 1 bath,488554818,Ronald,,Mount Pleasant,-34.74366,139.11443,Entire home/apt,220,1,0,,,11,167,0,,Barossa Valley
765511427520869839,Villa in Mount Pleasant · 1 bedroom · 1 bed · 1 bath,488554818,Ronald,,Mount Pleasant,-34.74169,139.11273,Entire home/apt,220,1,0,,,11,167,0,,Barossa Valley
765553036302923066,Villa in Mount Pleasant · 1 bedroom · 2 beds · 1 bath,488554818,Ronald,,Mount Pleasant,-34.74193,139.11399,Entire home/apt,250,1,1,2023-04-16,0.41,11,167,1,,Barossa Valley
765612429537610683,Villa in Mount Pleasant · 1 bedroom · 2 beds · 1 bath,488554818,Ronald,,Mount Pleasant,-34.74348,139.11438,Entire home/apt,273,1,0,,,11,167,0,,Barossa Valley
765619654140788793,Villa in Mount Pleasant · 1 bedroom · 1 bed · 1 bath,488554818,Ronald,,Mount Pleasant,-34.74155,139.1129,Entire home/apt,300,1,1,2023-04-23,0.45,11,167,1,,Barossa Valley
765621209399910899,Home in Mount Pleasant · 2 bedrooms · 2 beds · 2 baths,488554818,Ronald,,Mount Pleasant,-34.7431,139.1132,Entire home/apt,650,1,1,2023-04-08,0.37,11,167,1,,Barossa Valley
765624869411604383,Villa in Mount Pleasant · 2 bedrooms · 2 beds · 1 bath,488554818,Ronald,,Mount Pleasant,-34.74222,139.11484,Entire home/apt,486,1,1,2023-04-23,0.45,11,167,1,,Barossa Valley
773319715411149829,Home in Kapunda · ★5.0 · 1 bedroom · 1 bed · 1 shared bath,490005598,Marlina,,Kapunda,-34.34015,138.91199,Private room,60,2,3,2023-03-24,0.49,2,11,3,,Barossa Valley
773444765236574058,Home in Kapunda · 1 bedroom · 1 bed · 1 shared bath,490005598,Marlina,,Kapunda,-34.34162,138.91201,Private room,50,2,2,2023-01-06,0.33,2,108,2,,Barossa Valley
781290494667105373,Home in Tanunda · ★5.0 · 2 bedrooms · 3 beds · 1 bath,491342431,Alex,,Tanunda,-34.5203488,138.9656976,Entire home/apt,330,2,22,2023-06-12,4.85,1,312,22,,Barossa Valley
783490048796437005,Bungalow in Tanunda · ★4.73 · 3 bedrooms · 4 beds · 1 bath,107089614,Lucia,,Tanunda,-34.514579,138.977819,Entire home/apt,206,1,11,2023-06-25,2.44,1,346,11,,Barossa Valley
784244778617200952,Rental unit in Angaston · 2 bedrooms · 3 beds · 1 bath,487505306,Anne-Marie,,Angaston,-34.50004320611457,139.05103183862306,Entire home/apt,285,2,0,,,4,332,0,,Barossa Valley
784276873901035135,Rental unit in Angaston · 2 bedrooms · 4 beds · 1 bath,487505306,Anne-Marie,,Angaston,-34.49999015463658,139.05101038095094,Entire home/apt,280,2,0,,,4,323,0,,Barossa Valley
792322179365209191,Villa in Mount Pleasant · 8 bedrooms · 10 beds · 5.5 baths,488554818,Ronald,,Mount Pleasant,-34.74345,139.11456,Entire home/apt,999,2,2,2023-05-31,0.74,11,72,2,,Barossa Valley
792356113015735467,Villa in Mount Pleasant · 5 bedrooms · 1 bed · 2.5 baths,488554818,Ronald,,Mount Pleasant,-34.74357,139.11264,Entire home/apt,583,1,0,,,11,167,0,,Barossa Valley
792371126158972761,Villa in Mount Pleasant · 3 bedrooms · 5 beds · 3 baths,488554818,Ronald,,Mount Pleasant,-34.74159,139.114,Entire home/apt,600,1,0,,,11,167,0,,Barossa Valley
792372489987708648,Guesthouse in Gawler River · ★4.74 · 2 bedrooms · 2 beds · 1 bath,493274930,Yvonne,,Gawler River,-34.62867,138.6437,Entire home/apt,165,1,23,2023-06-23,4.29,1,357,23,,Barossa Valley
794335948088291886,Guesthouse in Kapunda · ★5.0 · 2 bedrooms · 3 beds · 1 bath,493655266,Michelle,,Kapunda,-34.3602,138.8907,Entire home/apt,200,2,8,2023-06-12,3.04,1,312,8,,Barossa Valley
798143975652518850,Tiny home in Cromer Barossa · ★5.0 · 1 bedroom · 1 bed · 1 bath,85597526,Tracy,,Mount Crawford,-34.771432,138.977761,Entire home/apt,250,1,29,2023-06-25,5.72,2,354,29,,Barossa Valley
803889383750048082,Home in Lyndoch · ★5.0 · 4 bedrooms · 5 beds · 2 baths,495954773,Filomena,,Lyndoch,-34.6064501,138.8820816,Entire home/apt,313,2,3,2023-06-12,0.69,1,352,3,,Barossa Valley
804036658904390423,Home in Tanunda · 5 bedrooms · 6 beds · 2 baths,206127681,Megan,,Tanunda,-34.51218,138.97548,Entire home/apt,980,2,2,2023-06-25,0.94,1,268,2,,Barossa Valley
812465538310166564,Bed and breakfast in Kapunda · ★5.0 · 1 bedroom · 2 beds · 1 private bath,86727693,Susan,,Kapunda,-34.33822,138.91862,Private room,250,1,4,2023-05-28,1.00,3,348,4,,Barossa Valley
815514103907302166,Tent in Seppeltsfield · 1 bedroom · 1 bed · 1 bath,497989134,Cabn,,Marananga,-34.48908,138.92294,Entire home/apt,330,1,2,2023-04-10,0.73,8,349,2,,Barossa Valley
815516113841270903,Tent in Seppeltsfield · ★3.75 · 1 bedroom · 1 bed · 1 bath,497989134,Cabn,,Marananga,-34.48736,138.92421,Entire home/apt,330,1,4,2023-05-24,1.71,8,347,4,,Barossa Valley
815520308911596745,Tent in Seppeltsfield · 1 bedroom · 1 bed · 1 bath,497989134,Cabn,,Marananga,-34.48777,138.92504,Entire home/apt,330,1,2,2023-05-13,0.75,8,346,2,,Barossa Valley
815521436422254325,Tent in Seppeltsfield · ★4.33 · 1 bedroom · 1 bed · 1 bath,497989134,Cabn,,Marananga,-34.48924,138.92363,Entire home/apt,330,1,3,2023-06-04,1.36,8,333,3,,Barossa Valley
815522605349287142,Tent in Seppeltsfield · 1 bedroom · 1 bed · 1 bath,497989134,Cabn,,Marananga,-34.48937,138.92421,Entire home/apt,330,1,0,,,8,347,0,,Barossa Valley
818346280706439704,Home in Lyndoch · 12 bedrooms · 12 beds · 11 baths,499283772,Andrew,,Lyndoch,-34.57512,138.86588,Entire home/apt,2500,2,0,,,1,251,0,,Barossa Valley
821437484393218459,Bed and breakfast in Kapunda · 2 bedrooms · 3 beds · 2 baths,86727693,Susan,,Kapunda,-34.3381,138.92034,Private room,450,1,0,,,3,336,0,,Barossa Valley
821920419282972252,Home in Tanunda · ★4.87 · 2 bedrooms · 2 beds · 1 bath,78710746,Emma,,Tanunda,-34.53751,138.95358,Entire home/apt,323,2,15,2023-06-07,4.69,2,271,15,,Barossa Valley
822930476514810622,Home in Tanunda · ★5.0 · 1 bedroom · 1 bed · 1 private bath,47672122,Jo,,Tanunda,-34.52381,138.95723,Private room,176,1,12,2023-06-18,3.33,1,106,12,,Barossa Valley
824178348921213322,Home in Nuriootpa · ★5.0 · 3 bedrooms · 4 beds · 1.5 baths,398692841,Kylie,,Nuriootpa,-34.46536,138.98043,Entire home/apt,280,1,16,2023-06-18,3.90,1,201,16,,Barossa Valley
824789965710980308,Home in Tanunda · ★5.0 · 3 bedrooms · 3 beds · 2 baths,500655156,Lisa,,Tanunda,-34.5124438368938,138.9775788411498,Entire home/apt,363,2,5,2023-06-12,2.24,1,169,5,,Barossa Valley
825038296557859465,Home in Tanunda · ★5.0 · 2 bedrooms · 3 beds · 1 bath,175822582,Josh,,Tanunda,-34.5267025,138.9571473,Entire home/apt,450,1,12,2023-06-20,3.36,3,339,12,,Barossa Valley
825047876832990063,Rental unit in Tanunda · ★5.0 · 2 bedrooms · 3 beds · 1 bath,175822582,Josh,,Tanunda,-34.5267025,138.9571473,Entire home/apt,450,1,8,2023-06-25,2.55,3,345,8,,Barossa Valley
825630229231840810,Guesthouse in Marananga · 1 bedroom · 1 bed · 1 bath,275161574,Wendy,,Marananga,-34.48418,138.93898,Entire home/apt,354,1,0,,,2,323,0,,Barossa Valley
829062794074578427,Home in Nuriootpa · ★5.0 · 3 bedrooms · 3 beds · 3.5 baths,156498827,Wenli & Dominic,,Nuriootpa,-34.47429,138.94424,Entire home/apt,657,1,8,2023-06-10,2.45,1,169,8,,Barossa Valley
832029740889145365,Cabin in Marananga · ★4.33 · 1 bedroom · 3 beds · 1 bath,497989134,Cabn,,Marananga,-34.50419,138.9327,Entire home/apt,320,1,3,2023-05-20,1.18,8,307,3,,Barossa Valley
832043904378090270,Cabin in Marananga · ★5.0 · 1 bedroom · 1 bed · 1 bath,497989134,Cabn,,Marananga,-34.50408,138.93048,Entire home/apt,304,1,4,2023-06-14,1.35,8,302,4,,Barossa Valley
845922754899608416,Cottage in Kapunda · ★New · 3 bedrooms · 3 beds · 1 bath,335068302,Juliet,,Kapunda,-34.301957,138.8542431,Entire home/apt,335,2,2,2023-06-12,2,1,361,2,,Barossa Valley
848070741154984852,Home in Greenock · ★4.75 · 3 bedrooms · 5 beds · 1.5 baths,505423341,Mitchell,,Greenock,-34.45791,138.93141,Entire home/apt,361,2,4,2023-06-11,1.82,1,354,4,,Barossa Valley
855244046779105277,Home in Vine Vale · ★4.80 · 4 bedrooms · 7 beds · 3 baths,469195852,Karen,,Angaston,-34.510605,139.019844,Entire home/apt,900,2,5,2023-06-25,1.88,1,315,5,,Barossa Valley
859856068881777318,Home in Tanunda · 3 bedrooms · 5 beds · 2 baths,241630453,Melissa,,Tanunda,-34.51673,138.96701,Entire home/apt,320,2,0,,,2,235,0,,Barossa Valley
884565926441716482,Home in Eden Valley · ★5.0 · 1 bedroom · 2 beds · 1 bath,57979524,Georgie,,Eden Valley,-34.638353774065166,139.09871242940426,Entire home/apt,189,2,3,2023-06-12,2.43,1,165,3,,Barossa Valley
886458452855579093,Cottage in Lyndoch · ★New · 3 bedrooms · 3 beds · 1 bath,444700361,Amy,,Lyndoch,-34.601818295509545,138.88767567976225,Entire home/apt,238,2,0,,,1,0,0,,Barossa Valley
886723096462681317,Guest suite in Nuriootpa · ★5.0 · 1 bedroom · 1 bed · 1 bath,507533752,Garry,,Nuriootpa,-34.48203,138.99297,Entire home/apt,210,2,5,2023-06-21,5,1,291,5,,Barossa Valley
892251887601842416,Home in Nuriootpa · ★New · 5 bedrooms · 6 beds · 3 baths,284867983,Rosa,,Nuriootpa,-34.46841,138.957,Entire home/apt,1495,2,0,,,2,328,0,,Barossa Valley
910502962189532573,Home in Tanunda · ★New · 3 bedrooms · 3 beds · 2 baths,19654974,Rosie,,Tanunda,-34.51049,138.96668,Entire home/apt,347,2,0,,,1,120,0,,Barossa Valley
910682658818665405,Guest suite in Angaston · ★New · 2 bedrooms · 2 beds · 1 bath,496094184,Rebekah Bianca,,Angaston,-34.500722,139.049761,Entire home/apt,199,1,0,,,1,289,0,,Barossa Valley
913230078821818136,Home in Lyndoch · ★New · 4 bedrooms · 7 beds · 2.5 baths,165139718,Janet,,Lyndoch,-34.58306,138.87635,Entire home/apt,590,2,0,,,1,355,0,,Barossa Valley
914716018649867579,Cabin in Seppeltsfield · ★New · 1 bedroom · 1 bed · 1 bath,497989134,Cabn,,Marananga,-34.48872,138.92192,Entire home/apt,838,2,0,,,8,290,0,,Barossa Valley
